{"cameraMode":{"drawMode":0,"name":"Shaded","section":"Shading Mode"},"sceneLighting":true,"audioPlay":false,"sceneViewState":{"showFog":true,"showMaterialUpdate":false,"showSkybox":true,"showFlares":true,"showImageEffects":true,"showParticleSystems":true,"showVisualEffectGraphs":true,"m_FxEnabled":true},"in2DMode":false,"pivot":{"x":0.07011239975690842,"y":1.6861927509307862,"z":0.9431321024894714},"rotation":{"x":-0.004075744189321995,"y":0.9510846138000488,"z":-0.3086581230163574,"w":-0.012554101645946503},"size":2.70739483833313,"orthographic":false}